﻿{"cameraMode":{"drawMode":0,"name":"Shaded","section":"Shading Mode"},"sceneLighting":false,"audioPlay":false,"sceneViewState":{"showFog":true,"showMaterialUpdate":true,"showSkybox":false,"showFlares":true,"showImageEffects":true,"showParticleSystems":true},"in2DMode":false,"pivot":{"x":92.26837158203125,"y":1.1369001865386963,"z":54.75042724609375},"rotation":{"x":-0.1583086997270584,"y":-0.021021490916609765,"z":0.0033414680510759355,"w":-0.9871816635131836},"size":6.009207248687744,"orthographic":false}