﻿{"cameraMode":{"drawMode":0,"name":"Shaded","section":"Shading Mode"},"sceneLighting":true,"audioPlay":false,"sceneViewState":{"showFog":true,"showMaterialUpdate":true,"showSkybox":true,"showFlares":true,"showImageEffects":true,"showParticleSystems":true},"in2DMode":false,"pivot":{"x":93.69493103027344,"y":1.0149450302124024,"z":47.901947021484378},"rotation":{"x":-0.16186676919460298,"y":-0.16814330220222474,"z":0.02796991728246212,"w":-0.9720022678375244},"size":4.154759883880615,"orthographic":false}