﻿{"cameraMode":{"drawMode":0,"name":"Shaded","section":"Shading Mode"},"sceneLighting":false,"audioPlay":false,"sceneViewState":{"showFog":true,"showMaterialUpdate":true,"showSkybox":false,"showFlares":true,"showImageEffects":true,"showParticleSystems":true},"in2DMode":false,"pivot":{"x":91.27275085449219,"y":1.1039001941680909,"z":56.417022705078128},"rotation":{"x":-0.3006778657436371,"y":-0.26917514204978945,"z":0.088869608938694,"w":-0.9106429219245911},"size":6.009207248687744,"orthographic":false}