﻿{"cameraMode":{"drawMode":0,"name":"Shaded","section":"Shading Mode"},"sceneLighting":false,"audioPlay":false,"sceneViewState":{"showFog":true,"showMaterialUpdate":true,"showSkybox":false,"showFlares":true,"showImageEffects":true,"showParticleSystems":true},"in2DMode":false,"pivot":{"x":0.7749192714691162,"y":1.1558005809783936,"z":-1.5183000564575196},"rotation":{"x":-0.0005550181376747787,"y":-0.9990736246109009,"z":0.04139481857419014,"w":-0.012880970723927021},"size":2.3187382221221926,"orthographic":false}