﻿{"cameraMode":{"drawMode":0,"name":"Shaded","section":"Shading Mode"},"sceneLighting":false,"audioPlay":false,"sceneViewState":{"showFog":true,"showMaterialUpdate":true,"showSkybox":false,"showFlares":true,"showImageEffects":true,"showParticleSystems":true},"in2DMode":false,"pivot":{"x":92.26837158203125,"y":1.1369001865386963,"z":54.75042724609375},"rotation":{"x":-0.19759635627269746,"y":0.007937036454677582,"z":-0.0016029553953558207,"w":-0.980262815952301},"size":6.009207248687744,"orthographic":false}