﻿{"cameraMode":{"drawMode":0,"name":"Shaded","section":"Shading Mode"},"sceneLighting":false,"audioPlay":false,"sceneViewState":{"showFog":true,"showMaterialUpdate":true,"showSkybox":false,"showFlares":true,"showImageEffects":true,"showParticleSystems":true},"in2DMode":false,"pivot":{"x":92.26837158203125,"y":1.1369001865386963,"z":54.75042724609375},"rotation":{"x":-0.13547885417938233,"y":-0.014270160347223282,"z":0.001950691919773817,"w":-0.9906859397888184},"size":6.009207248687744,"orthographic":false}