﻿{"cameraMode":{"drawMode":0,"name":"Shaded","section":"Shading Mode"},"sceneLighting":false,"audioPlay":false,"sceneViewState":{"showFog":true,"showMaterialUpdate":true,"showSkybox":false,"showFlares":true,"showImageEffects":true,"showParticleSystems":true},"in2DMode":false,"pivot":{"x":0.7749192714691162,"y":1.1558005809783936,"z":-1.5183000564575196},"rotation":{"x":-0.19609220325946809,"y":0.01970537193119526,"z":-0.003942294046282768,"w":-0.9803888201713562},"size":2.3187382221221926,"orthographic":false}